0.364102,-0.00563066,0.348262,0.491882,0.122695,-0.485626,-0.417343,-0.138317,0.431117,0.431944,0.0147986,-0.127727,-0.104629,0.309535,0.371526,-0.0975557,-0.245353,0.00198553,-0.221691,0.411155,-0.415664,0.319625,0.169374,0.287066,-0.439996,0.247939,-0.431435,-0.0131745,0.229648,0.255599,0.354479,-0.404726,0.328208,-0.278779,0.0738305,-0.11303,-0.334772,0.39873,0.330235,0.291257,-0.420766,0.235989,-0.285797,-0.0454519,-0.439013,0.22708,-0.0765985,-0.202742,-0.431086,-0.252274,0.24409,-0.388691,-0.468393,0.486906,-0.254306,0.301271,-0.0649892,-0.143221,-0.017337,0.286039,-0.315099,0.128578,-0.26716,-0.00883128,-0.212281,-0.0624073,-0.412775,-0.369302,0.110477,-0.311441,-0.12688,0.111184,-0.211633,-0.107335,-0.23966,0.310493,-0.477764,0.342945,-0.00357739,-0.458026,0.370542,-0.258872,0.30842,0.448353,0.211674,-0.0772198,-0.292665,0.18848,0.0597469,-0.403242,0.345376,0.613153,-0.0291529,0.204285,0.467991,-0.116467,0.619139,0.416896,0.368723,0.206487,0.18405,4.54411e-05,0.410106,-0.0767678,0.0459899,-0.0792889,0.631457,0.125298,0.427152,-0.244324,0.0845821,-0.396787,-0.315088,-0.434247,-0.0695589,0.162737,-0.0557114,0.288432,0.316897,0.170562,-0.0698715,-0.183589,0.13463,0.253843,-0.437907,0.40529,-0.460331,-0.315104,-0.0574398,-0.428926,0.224931,-0.441391,-0.122434,0.0209285,0.270099,-0.362741,-0.412368,0.145977,-0.172723,0.00812188,-0.236035,0.494024,-0.152947,0.447725,0.0146843,0.236787,-0.127707,-0.259197,0.140918,0.109723,0.222684,-0.327546,0.048301,-0.00209922,-0.425039,0.112809,-0.131856,0.488917,0.117959,-0.17504,-0.473936,-0.340222,-0.433535,0.376035,-0.233127,0.454519,0.0726238,-0.108521,0.00124657,-0.246391,0.133036,-0.0475058,-0.240233,-0.3408,-0.127684,0.400656,0.38631,0.0241744,-0.430662,0.347079,0.147352,-0.244425,-0.110179,0.156594,0.470751,-0.0606064,-0.32937,-0.0768931,0.252305,0.458044,-0.0796664,-0.166379,-0.239653,-0.0117126,0.600521,0.0989196,-0.0216514,0.0360308,-0.0422086,0.0077472,0.353881,0.680741,0.681396,0.624702,0.739214,0.820545,0.0964265,0.0151265,0.803772,-0.0916285,0.545577,-0.0562482,0.555639,0.782181,-0.148255,0.215881,0.452394,0.404205,0.12088,0.0867243,-0.152247,0.0720038,-0.0741335,0.139294,-0.390474,0.0611697,0.035212,-0.120236,0.290506,0.0295413,0.0895842,0.0801236,-0.0150621,-0.0937745,0.0452679,0.0770754,-0.41444,-0.14413,0.471552,0.48722,-0.268614,-0.0529894,-0.36804,-0.380972,-0.27646,0.119411,-0.279058,0.363861,-0.0369734,0.445288,0.191495,0.23078,0.133537,0.247179,-0.0481691,
-0.384927,-0.282586,0.0204016,-0.364467,-0.341136,0.159413,-0.0859975,0.477033,0.0210877,0.047044,0.423814,0.142123,0.302628,-0.217247,0.191129,0.473411,-0.168421,0.192184,-0.131347,-0.00670656,-0.252507,0.303493,0.237775,0.0831094,-0.0276644,-0.0595786,0.167989,-0.370312,-0.142844,0.286745,-0.489532,0.327065,-0.016838,0.0768389,0.169179,-0.33543,-0.145139,-0.672172,-0.194207,-0.0670631,0.366941,-0.0345861,0.173181,0.208972,-0.327478,0.408724,-0.233172,-0.348572,-0.307358,0.256315,-0.335806,0.164139,-0.0389864,-0.256604,0.113435,-0.371882,0.43451,-0.281795,-0.0255437,-0.223253,-0.470483,-0.403077,0.467068,0.0258699,0.236042,0.195086,0.313203,0.217075,-0.475145,-0.407408,-0.24124,-0.352037,-0.115001,-0.311884,-0.459902,0.314195,0.217722,-0.635012,0.302931,-0.250038,-0.0980629,-0.56804,-0.577981,0.397864,0.298714,0.373621,-0.515853,-0.137823,-0.228631,-0.132847,0.127384,0.316234,-0.480975,-0.053952,0.0535955,0.430074,-0.0171348,-0.226546,0.252879,-0.279676,0.057739,0.0707723,0.298396,-0.298205,0.244739,0.311671,-0.00524592,0.0646002,0.397183,0.278515,0.32519,-0.370009,0.329798,0.0412864,0.0123281,-0.33366,-0.149159,-0.183574,-0.0134907,-0.0984003,-0.49878,0.27996,-0.346042,-0.00218429,0.0278039,-0.456503,0.455923,0.421231,0.387322,0.120037,0.0732516,-0.276634,-0.427226,-0.348697,0.169529,-0.418792,0.0433155,-0.256033,0.484022,-0.412841,0.0384963,0.140334,-0.0681803,0.125209,-0.68328,-0.108903,-0.333211,0.260051,0.295388,-0.280346,-0.308946,0.0839963,0.282475,0.143523,-0.0213154,0.343282,-0.432631,-0.356132,-0.209804,-0.157858,-0.334211,0.389126,-0.0304122,0.470734,0.0908372,-0.220823,-0.0131093,0.287811,-0.261193,0.423017,-0.36313,-0.446154,0.402504,-0.290155,-0.0588709,0.130586,0.208274,-0.367229,0.309912,0.143506,0.245492,0.0209711,0.459132,0.320789,0.134074,-0.172889,0.151383,-0.23243,-0.0517526,-0.460531,0.132132,-0.553874,0.352147,0.087367,0.128002,0.146971,0.185153,-0.553664,-0.659769,-0.0046645,-0.427508,-0.679663,-0.644596,0.00130775,-0.0414906,0.0212409,-0.370041,-0.62907,-0.428741,-0.147745,-0.326474,-0.432209,-0.569938,0.10731,-0.215092,0.414827,0.033981,0.100603,0.276485,-0.322407,0.0189895,-0.133856,-0.305381,-0.352489,0.328874,-0.399794,-0.465526,-0.0981478,-0.460146,0.130511,0.104666,-0.383103,0.322216,0.385273,0.379015,0.134885,0.346026,-0.268312,-0.434236,0.392151,-0.35853,0.0912217,0.41114,0.115318,-0.381091,-0.0517894,-0.210864,0.190883,-0.40617,-0.0687882,-0.408362,-0.125014,0.0566132,0.103244,0.217325,
-0.0697971,-0.489319,-0.331294,0.378109,-0.447142,0.0610828,0.116377,-0.321234,-0.097887,-0.285455,-0.313202,0.470325,-0.267818,0.473846,0.0899458,0.0358233,-0.424099,0.137826,0.218151,0.202225,-0.284071,0.0421976,0.10917,0.281146,-0.472187,-0.471718,-0.374356,-0.480065,0.266457,0.421589,0.157246,-0.331989,0.463156,0.301438,-0.070147,-0.353322,0.0287276,-0.0693651,0.10531,-0.117477,0.432651,0.0129701,0.331787,0.305516,-0.255135,0.399,-0.12891,-0.402577,0.133439,0.456649,-0.0266729,-0.376484,-0.416768,-0.047429,-0.31271,-0.304413,0.292272,0.386583,-0.288036,-0.387936,-0.340642,-0.326665,0.480648,0.048235,0.246554,-0.134734,0.113293,0.308099,-0.357019,0.197367,0.409509,-0.0186923,-0.380757,0.236003,-0.473892,-0.471036,0.496114,0.494295,-0.495181,0.33718,0.122823,-0.23236,0.33373,0.259283,0.37681,-0.0877499,0.440284,0.201634,0.482549,-0.352451,0.108433,-0.35554,0.411009,-0.141614,0.436486,0.0114355,0.41623,0.304501,0.287473,-0.442778,0.26935,-0.157361,0.194766,-0.0442631,-0.0944084,0.354866,-0.217546,-0.0616809,-0.167623,0.204867,0.147603,-0.0333905,-0.41525,-0.0464723,0.331649,-0.216991,0.0558032,-0.296297,-0.180207,0.416979,-0.0845512,-0.320337,-0.204113,0.357477,0.119198,0.230282,-0.0475687,-0.40376,-0.0933272,-0.491315,-0.24362,-0.466045,0.19303,-0.10358,0.201535,0.300551,-0.24122,0.057071,-0.222824,0.491506,0.145204,-0.120177,-0.231888,-0.12391,-0.251927,0.0900486,-0.431698,0.100192,0.404287,-0.212221,0.137963,-0.0942543,-0.285185,-0.246237,0.308944,-0.079875,-0.0523307,-0.287124,-0.000727527,-0.477682,-0.0104598,0.433231,0.12172,-0.166318,0.41544,-0.123463,0.234524,0.356716,-0.306497,0.205737,-0.358312,0.297544,0.347318,-0.0722823,0.0926181,0.0993922,0.476641,-0.0475382,-0.272203,0.221775,-0.45227,-0.151479,0.440156,-0.305695,-0.12648,0.0812919,0.294724,0.528309,-0.369596,0.544553,0.219584,0.209584,-0.179342,-0.0879844,0.326073,0.0621817,0.414052,-0.208876,-0.234545,0.068706,0.300191,0.479785,-0.2556,-0.31787,-0.0458966,0.343088,-0.299803,0.400928,0.273378,0.354178,-0.0913377,0.402484,0.247729,0.095622,-0.438589,-0.485761,0.391142,-0.262504,-0.282234,0.367291,0.204483,0.166837,-0.136569,-0.49352,0.427146,0.470313,0.360819,-0.175883,-0.0534334,-0.199481,-0.178152,-0.216532,-0.0271433,0.213843,0.491017,-0.103155,-0.262878,0.224586,-0.278071,-0.0841396,0.0378239,-0.233499,0.209982,-0.233681,-0.43235,-0.143408,0.12863,-0.24183,0.405061,-0.265513,-0.166783,0.188384,-0.40871,-0.23347,0.369942,
0.265244,0.18276,-0.126362,-0.157216,0.192525,-0.274926,-0.176801,-0.381716,-0.0666984,0.482482,0.066828,-0.0249551,-0.303603,0.408445,-0.477003,0.417251,-0.131921,0.211982,-0.0675784,0.429469,0.0403436,0.443936,0.311278,-0.452577,0.484262,0.00744321,-0.0135432,0.172628,0.351389,-0.00155974,-0.281007,0.399228,-0.224306,0.282415,-0.410924,0.445372,0.187696,-0.160315,-0.0385969,-0.115994,0.320332,0.403728,0.331359,0.299747,-0.241339,-0.0556664,0.253053,-0.430132,-0.155836,-0.00769127,0.210205,0.34275,-0.247603,0.121459,-0.300584,-0.0194167,0.352123,0.3488,0.267841,-0.466325,-0.111123,0.240551,-0.173692,-0.0486486,-0.0123692,0.00445895,-0.0089742,0.159355,0.0391247,0.475023,-0.242115,0.176568,0.473285,0.396986,0.273767,-0.0822892,-0.0214438,0.0355139,-0.00190297,-0.151537,0.181544,-0.260947,0.0783493,0.136025,-0.17502,0.493059,-0.157162,0.479846,-0.177891,-0.38779,0.403259,0.0875785,-0.271321,-0.275551,0.426152,0.49369,-0.342542,-0.296129,0.443905,0.360021,0.171583,0.109387,0.261276,-0.0901648,-0.420695,0.225966,0.107296,-0.439501,0.396268,0.421575,-0.326716,-0.340623,-0.195059,-0.426147,-0.40073,0.180541,0.00245678,-0.276271,-0.153865,-0.420961,-0.295678,-0.00358843,-0.189395,0.0109439,-0.031657,0.114576,-0.0352967,0.320935,-0.138284,-0.402113,0.151812,0.39773,-0.00253553,0.237532,-0.366054,0.0830252,0.470774,0.410843,-0.215323,0.246727,0.227602,0.106631,-0.356257,0.221196,0.521682,0.0626946,0.154306,0.239077,-0.390295,-0.098092,0.335422,0.0130962,-0.137539,-0.275313,0.207518,0.155125,-0.0883149,-0.0120771,-0.329044,-0.454811,-0.224396,0.160854,0.248964,0.337406,0.347677,0.00255739,-0.147676,-0.2549,-0.340334,-0.107728,0.411468,0.269011,-0.169297,0.115233,-0.352543,-0.482557,0.22449,-0.489927,-0.24818,0.281573,-0.146266,0.383371,0.273318,0.0170672,-0.41867,0.102764,-0.0253305,0.465406,0.0747287,0.320257,0.0230226,0.122887,0.0176225,-0.138485,-0.138169,0.313439,0.133261,0.200474,0.134058,-0.346897,0.378325,0.511876,-0.0613301,0.287838,-0.177354,0.265876,-0.0683743,0.418223,0.338044,0.43277,0.488805,-0.313661,0.24856,0.227422,0.040764,-0.32066,-0.22756,0.405668,0.451468,-0.0713244,-0.198591,0.326084,-0.344912,0.46421,-0.367603,-0.110605,-0.311452,-0.484153,0.0560186,-0.207515,-0.223787,-0.0226199,0.187749,-0.219621,-0.130317,-0.0863112,-0.420047,0.470861,-0.180213,0.164095,0.0272047,0.0275403,-0.0301014,-0.302686,0.134673,-0.391631,0.44047,-0.1251,0.148305,-0.0166501,-0.104131,0.40374,0.0999559,0.238721,0.194653,
0.260413,-0.224937,-0.0537584,-0.171041,-0.135274,-0.411527,-0.222482,0.0702557,0.2904,-0.197378,-0.156623,0.202828,-0.46229,0.225945,-0.171147,-0.453973,0.400936,-0.147387,0.0566763,0.311594,0.497682,-0.499679,-0.114349,-0.317484,0.283622,-0.0265365,0.220509,0.470581,0.247366,-0.217003,0.520293,-0.12752,-0.321276,-0.0457325,0.479398,-0.030898,0.260894,0.21672,0.368627,0.330414,-0.468042,0.266434,0.484184,0.449157,0.49644,-0.345216,0.434792,0.361694,0.131405,-0.369692,-0.145213,0.0796723,-0.00596991,0.169656,0.410507,0.330023,0.251463,0.205985,0.431452,0.206753,-0.187917,-0.073136,0.155802,0.11596,-0.362329,0.410155,-0.0661184,-0.260555,-0.0364046,-0.371029,0.347963,0.333734,-0.475985,0.357263,-0.384157,0.125403,0.496492,0.261399,0.21169,0.104486,0.286961,0.068598,0.198702,-0.0279206,-0.174389,0.333392,0.387617,0.578655,0.206893,0.467309,0.264841,0.237486,0.405427,-0.0991084,-0.0579677,0.330253,0.15092,0.133098,-0.0388524,-0.107428,0.592862,0.260245,0.234052,0.416878,-0.126039,-0.340063,0.266061,-0.350649,-0.496765,-0.4196,0.457152,-0.0724766,0.438871,-0.0347206,0.222207,0.392166,0.213187,-0.204098,0.295055,0.403394,-0.280816,0.00201296,-0.255541,0.0250865,-0.410019,-0.345306,-0.416821,0.36671,0.309716,0.419458,0.105259,0.446072,-0.298694,-0.372165,0.46576,-0.0820789,-0.0521105,-0.160567,0.148521,0.357022,-0.196832,-0.153945,0.0907188,0.453416,0.410817,-0.36058,-0.0475317,-0.120554,-0.452471,0.337386,0.382295,0.0652763,-0.0304564,-0.304699,-0.250191,-0.239718,0.313636,0.0935875,0.100127,-0.442184,-0.08643,-0.310471,-0.00947773,0.231528,-0.333584,-0.351329,-0.132741,0.137612,-0.0586807,0.033205,-0.481261,0.475767,-0.0646,0.373967,0.494184,-0.320903,-0.382978,0.455188,-0.133595,-0.274693,-0.0736842,0.342649,0.284669,-0.358028,0.427078,0.197257,-0.318369,0.148229,-0.0774893,0.000221201,-0.283036,-0.226023,0.0963902,-0.0543982,0.452434,0.54251,-0.00897031,0.650742,0.44753,0.632571,-0.0348471,-0.239608,0.539346,0.31987,-0.0654697,0.186545,-0.20511,0.225419,0.0802078,-0.191743,-0.15034,0.392633,0.043616,0.712923,0.193973,-0.229945,0.287593,-0.315422,0.0834965,0.300709,0.358591,-0.296149,-0.332349,-0.391247,0.293708,0.197366,-0.340446,0.108494,-0.306498,0.353964,0.0638718,-0.403023,0.227888,0.44125,-0.335304,0.418507,0.287959,-0.450836,-0.0364381,0.263355,-0.307543,0.0197165,-0.0103038,0.382834,0.186596,-0.363656,-0.134409,-0.498572,-0.18019,0.0805106,-0.446484,0.468401,-0.094662,-0.292942,-0.0580734,
0.104884,-0.32989,0.114643,-0.154439,-0.498241,0.359249,-0.308775,0.334712,-0.0726592,-0.242668,0.41195,-0.39053,0.248108,-0.0027615,0.207931,-0.466417,-0.330606,-0.329268,0.136699,-0.352616,0.426974,-0.0506787,-0.221955,-0.432453,0.303057,-0.137,-0.0670299,-0.296189,0.132477,0.393778,-0.00104863,0.369054,0.0338504,-0.460313,0.387879,-0.408833,-0.427145,0.193897,0.0749186,-0.408375,0.059761,-0.320901,-0.155862,0.298107,0.492798,-0.459302,0.121902,-0.159659,-0.14939,0.176703,0.0827776,0.3453,0.192983,-0.461138,0.00820307,0.0690477,-0.0315033,0.114421,0.389242,0.159273,0.327772,0.159771,-0.140214,0.0206274,-0.332608,0.155467,0.447613,-0.349378,0.237696,0.137857,0.211248,-0.122472,0.0519369,0.063757,-0.233227,-0.108226,-0.0789767,0.0473193,-0.245412,-0.0078736,-0.131036,0.449937,-0.158602,-0.0654699,-0.279331,-0.305205,-0.278041,-0.170075,-0.0873033,0.0446385,0.463922,-0.286737,0.076316,-0.103214,-0.0952101,0.501222,-0.0923227,-0.381652,0.506183,-0.0363548,0.374749,-0.449122,0.107096,-0.128075,0.370783,-0.127774,-0.074031,-0.419998,0.19219,0.203916,-0.384274,-0.435869,0.0924863,0.111113,-0.427701,0.154815,0.457122,0.0545931,0.288019,0.394832,-0.499908,-0.11445,0.361093,-0.22018,0.45969,0.174402,0.46589,0.148365,-0.43883,-0.438357,0.333196,0.0437997,-0.478868,0.307207,0.492593,0.500328,-0.126381,0.436143,0.479012,-0.407841,-0.100136,0.0825423,0.435981,-0.291864,0.631105,0.178143,-0.294086,-0.0590938,0.389087,0.12138,0.402279,0.466841,0.0935483,-0.361593,-0.471158,0.390079,-0.460792,0.41288,-0.409123,-0.116033,-0.498421,-0.267959,0.388922,0.0832348,-0.493388,-0.264708,-0.137803,-0.385672,-0.141956,0.449927,-0.398111,0.178201,-0.476267,0.267597,0.0528814,0.0842082,0.150777,0.0167837,-0.0834618,0.148811,0.000283274,0.286202,-0.186421,-0.140073,0.111031,0.163973,-0.291814,0.327417,0.366768,0.115891,0.250817,0.255558,-0.309481,0.605896,-0.080939,-0.0112537,-0.0427417,-0.372258,0.620324,0.491035,0.124026,0.194478,0.0401717,-0.251687,0.602876,0.018817,0.613573,0.0393483,0.0295855,0.0385437,-0.199302,-0.144515,-0.094395,0.478633,0.44483,0.0280438,0.335842,0.0112167,0.375787,0.049345,0.410403,-0.367783,0.199817,-0.146131,0.15298,-0.0232591,0.32653,0.362247,-0.142728,-0.488009,-0.161011,0.388067,0.389292,0.191413,-0.334393,0.250246,-0.00985826,0.223274,-0.0701718,-0.160257,-0.315376,-0.0837806,0.0205929,-0.451953,0.134562,0.287813,0.398302,-0.0368711,0.168456,-0.424977,-0.318987,-0.0741623,-0.197993,0.318614,0.22326,
-0.454101,-0.00282296,0.136677,0.408963,-0.494158,0.016831,-0.0482418,-0.374467,0.0220637,-0.480712,-0.355472,-0.114022,0.40681,0.326228,0.00464338,-0.289982,0.212679,0.0437445,-0.124761,-0.214229,-0.299093,0.355551,-0.463913,-0.077231,0.201756,0.263354,0.015816,0.420266,0.16562,0.0556758,0.341327,0.0571267,0.252882,0.286579,-0.288423,0.13443,0.304784,-0.258634,0.31176,-0.337524,0.0209874,0.297745,-0.0482422,0.177327,0.472117,-0.417059,0.0637721,0.283984,-0.212983,-0.157773,0.334868,0.325916,0.0920744,-0.334176,-0.382703,0.388005,-0.273087,-0.263544,0.208036,0.0221732,0.162162,-0.248864,0.218103,-0.194752,0.467353,-0.39691,0.142397,0.218148,-0.211472,-0.395599,0.323309,-0.0963746,-0.302685,0.0312011,0.436922,-0.180542,-0.138959,-0.0392899,-0.322722,0.333092,-0.0861727,0.467368,-0.138594,-0.230541,-0.0542209,0.280695,0.521865,0.487208,0.277948,0.108456,0.0298503,-0.283542,-0.277439,0.464965,-0.054476,0.032597,0.447289,0.00571035,-0.21803,0.192148,0.079112,0.273473,0.155109,-0.423682,-0.101761,0.545624,0.268619,-0.255159,0.00224311,-0.184271,0.2875,-0.37272,0.36755,0.293338,0.300968,-0.248663,-0.00325015,-0.0807272,0.329656,-0.395927,-0.352015,0.282454,-0.346319,-0.0408466,-0.241254,0.254566,0.338431,-0.416479,0.458364,-0.303958,-0.339476,-0.231914,0.066541,-0.479526,-0.198802,-0.241464,-0.0152834,-0.355091,0.137208,-0.448714,0.386064,-0.446971,-0.313825,0.141094,-0.193203,-0.256096,-0.0765939,-0.265431,-0.328246,-0.182574,-0.418717,-0.0675401,-0.21978,-0.442145,-0.353975,0.475492,0.292103,-0.322357,0.0795001,-0.484558,-0.0133854,-0.365637,-0.373182,-0.0114122,0.0811386,0.206303,0.172079,0.103224,-0.114352,0.145836,-0.101738,0.481674,-0.487846,-0.31201,-0.105695,-0.0201749,-0.467537,0.193394,0.345149,-0.276967,0.00177737,-0.29338,-0.00981293,0.384508,-0.217097,-0.280201,-0.0240726,0.355065,0.462191,-0.00822911,-0.111993,0.13961,-0.282347,0.129341,0.444825,0.222795,0.365658,0.287156,0.202375,0.30508,0.160914,0.0680059,0.0939529,0.569892,0.071546,0.0512942,0.37433,0.568928,-0.260069,-0.295918,0.24767,0.574742,0.283934,0.492755,-0.430407,0.141093,0.249903,-0.136828,0.47528,-0.0292934,-0.0714848,-0.0946376,0.374905,0.414011,-0.489894,0.41255,0.138588,0.144594,-0.375104,0.0557981,-0.400696,-0.357494,0.391526,0.273855,0.496715,-0.00964218,0.168462,-0.301083,0.3564,-0.149292,-0.270054,0.19768,0.473438,0.156869,0.333049,0.339775,-0.361781,-0.452464,-0.468945,-0.44275,-0.223505,0.271146,0.173119,-0.207717,0.346283,
0.230781,0.460936,-0.129383,0.284997,-0.217224,-0.44818,0.499214,0.266777,-0.483653,0.464293,-0.0288478,-0.423522,0.348765,-0.141988,-0.474337,0.0956288,-0.111168,0.485369,-0.255638,-0.453856,-0.084057,-0.239627,0.246422,-0.244651,0.0580338,0.345324,-0.296702,0.257979,-0.440077,0.160901,0.381785,-0.393317,0.0821411,-0.273164,-0.22773,-0.288975,0.352792,-0.0780179,-0.0131058,-0.238358,-0.165662,0.287346,0.162817,-0.0275989,0.388395,-0.373565,-0.151059,-0.31178,0.264135,-0.103202,0.464224,0.229191,0.479152,-0.289723,-0.36991,-0.157931,0.428114,0.00201639,-0.236543,0.145345,0.222592,0.0566435,-0.393463,-0.402981,-0.11506,0.114172,0.0501027,0.210423,-0.157167,-0.037534,-0.0303032,0.13098,-0.172927,0.42229,0.401785,0.255235,-0.366561,-0.174411,-0.190882,-0.477469,-0.177016,-0.639739,-0.390162,0.0683249,-0.12581,0.308577,-0.295361,-0.175952,0.20634,0.30745,0.230348,0.203608,0.314736,-0.152202,-0.0784135,0.162397,-0.665938,-0.153312,-0.167562,0.0986533,-0.199612,0.0192955,-0.442764,-0.485693,-0.12373,-0.215188,-0.44965,-0.215019,0.291925,0.0642357,-0.355068,0.379028,-0.260002,0.492218,-0.345333,-0.366537,-0.372768,0.37286,-0.09676,-0.336776,-0.131123,-0.354163,-0.205284,-0.324691,-0.0754734,0.256935,0.451384,-0.270504,0.127392,0.103391,-0.17919,0.24374,-0.148628,-0.236186,-0.496866,-0.175649,-0.452706,-0.485198,0.2946,-0.31158,0.17961,0.132707,0.39171,0.242036,-0.222309,0.399218,0.439586,-0.00103576,-0.148622,-0.234693,0.276309,-0.45517,0.0480333,-0.0496156,-0.438134,-0.405685,-0.328834,0.0762555,0.279957,-0.0842142,0.00399993,0.0281492,0.0635875,0.203086,-0.379468,-0.395195,0.43925,-0.41843,-0.496516,0.30164,0.109027,-0.108471,-0.196551,0.140946,0.0743827,0.417198,0.289589,0.456896,-0.0853538,0.206315,0.00707019,0.0432384,-0.0445719,-0.355873,0.12527,-0.443981,-0.343334,0.247343,-0.310992,-0.535641,-0.207056,-0.538446,-0.603604,-0.612271,-0.201034,-0.150527,-0.421278,-0.324031,-0.67976,-0.229179,-0.597083,-0.304054,0.0261655,-0.116172,0.0683935,-0.431097,-0.63401,0.227942,-0.415699,0.116287,-0.0224316,-0.241036,-0.168694,-0.638144,-0.0519141,0.234941,-0.291927,0.484616,0.476929,0.304495,-0.40547,0.345797,-0.0894028,0.211243,0.47154,0.261078,-0.487599,0.403815,-0.226676,0.0627042,-0.17122,-0.417138,-0.116355,-0.310963,0.374184,-0.230947,-0.466675,0.0271211,-0.325351,0.310567,0.429066,0.243033,-0.0661805,-0.0139349,-0.453392,-0.0457962,0.12921,-0.139944,0.202845,0.180102,-0.202896,-0.267619,0.38288,0.450619,-0.0159357,
0.0341054,0.410581,0.049028,-0.149831,-0.260046,0.36169,-0.391379,0.0742869,-0.0703442,0.489227,0.286468,0.408312,0.177975,-0.0712766,-0.436571,0.0721644,0.017828,-0.110946,-0.0553454,-0.0010817,0.405477,-0.204032,-0.505158,0.302577,0.334325,0.430109,-0.34353,-0.179544,0.296694,-0.410005,0.348569,0.308904,-0.102833,0.312063,0.44989,-0.310957,0.269645,-0.0453373,0.0033863,0.0555761,0.0477145,-0.257154,0.0135786,-0.22139,0.36467,-0.389911,0.390925,0.414469,0.0386324,0.192718,-0.202202,-0.159188,0.481571,-0.316112,-0.166918,0.213498,-0.152079,0.27322,-0.474084,0.176887,-0.439545,0.137931,0.474914,0.024844,-0.0658464,0.241053,-0.409448,0.140235,-0.0057866,0.467044,-0.195258,0.464248,0.195414,0.126947,-0.315174,0.294237,0.148945,0.147459,0.336948,0.173708,0.0431752,0.368702,-0.571954,0.177228,-0.0971411,-0.330529,0.408263,0.324075,-0.38357,-0.218823,-0.318815,-0.260199,-0.0244093,-0.485258,0.0853416,0.381707,0.293246,0.338783,-0.0196691,-0.462447,-0.371453,0.11552,-0.575169,-0.23263,-0.0911721,0.14989,-0.427065,0.17392,0.151173,-0.374307,0.391049,-0.195137,0.103504,0.078836,-0.436471,0.302011,-0.266228,0.324968,-0.0914897,-0.465546,-0.319148,0.183647,0.10195,0.278391,-0.410225,0.347714,-0.00971881,0.291688,0.0017929,0.200895,-0.222372,0.166034,-0.0345603,-0.314058,-0.173532,-0.317229,0.0244673,-0.0342525,-0.22459,0.0325119,-0.261123,0.475519,-0.503102,-0.384839,0.172077,0.406429,-0.269137,-0.280087,0.0647199,0.182386,-0.15093,-0.096192,-0.34234,-0.120394,-0.401277,0.26925,0.143732,0.240993,0.363689,-0.49062,-0.419213,0.181094,-0.369646,-0.0544915,0.11648,0.413588,0.277877,0.361109,-0.380914,0.191423,0.486719,-0.0962215,0.0854005,-0.303562,-0.311886,-0.154523,0.494929,0.110255,0.482356,0.473211,0.255494,-0.101308,-0.100096,-0.10184,-0.136513,0.332166,-0.0534632,-0.0716576,0.0597458,-0.308049,-0.310524,-0.415977,0.212091,-0.14706,-0.435234,-0.420374,0.107302,-0.0267354,-0.627178,-0.0126355,-0.0632791,-0.166812,-0.46169,0.0741458,-0.0370165,-0.523342,-0.152668,-0.542267,0.0461448,-0.213796,-0.419659,-0.215071,0.179129,-0.518892,-0.259098,-0.239517,-0.0565676,0.270805,0.357018,0.302493,0.124128,0.372509,-0.0737202,-0.448498,-0.233488,0.497635,-0.268139,-0.421947,0.395401,0.34581,0.316839,0.306161,0.083778,-0.304444,-0.078595,-0.176095,-0.370516,0.436851,0.473289,0.0478771,-0.29395,-0.192038,0.0237295,0.0218456,0.0750229,0.331934,0.0557007,-0.368119,-0.425303,-0.495606,-0.447037,-0.202965,0.0031442,-0.253847,0.0228825,
0.467588,-0.409482,-0.300775,-0.0649282,0.0606327,0.126911,0.269977,0.301483,-0.133467,-0.434508,-0.331604,0.113824,-0.0457563,0.0759749,-0.290396,0.210174,0.0122822,0.324327,-0.223112,0.277703,-0.189338,0.0918445,0.368215,-0.434111,-0.465322,-0.104321,0.00817454,-0.20358,-0.369458,-0.232102,-0.51473,0.390401,-0.147235,-0.15135,-0.278425,0.0836904,0.0867874,-0.363626,-0.290925,0.237538,-0.140492,-0.250662,0.495873,-0.177069,0.2676,-0.241478,-0.0402975,0.388851,0.40288,-0.257164,0.189507,0.11391,0.0917405,-0.272203,0.0463242,0.0848086,-0.466167,0.260818,0.0281441,-0.0773756,0.0942065,0.0810325,-0.13085,0.0432336,0.121054,-0.146879,-0.020912,-0.47597,-0.013672,0.122113,0.192636,-0.0581435,0.201167,0.144973,-0.0946591,0.111668,-0.182434,-0.548493,0.0963563,0.10838,-0.0599137,-0.251189,0.161344,-0.492162,-0.38808,-0.0317008,0.0357212,0.187408,0.240738,0.302633,-0.392775,0.0651617,-0.435263,0.231597,-0.492748,-0.169048,0.217601,0.0848385,-0.166755,-0.123983,-0.600107,-0.337162,-0.340436,0.0785929,-0.291096,-0.63729,-0.319766,-0.419704,0.0912961,-0.0783135,-0.128712,-0.392447,0.420499,0.0857582,-0.231004,0.206207,0.360073,0.226601,-0.0302537,0.228312,-0.0620904,-0.026556,-0.272782,-0.422076,-0.215918,-0.0245704,0.408597,-0.48613,-0.165918,-0.274719,-0.0323959,0.0562717,-0.208256,0.401711,0.435325,-0.172193,0.133436,-0.017913,0.173078,0.345888,-0.0659079,-0.124229,-0.415929,0.0805848,-0.0168432,-0.25449,0.215478,0.211921,-0.33014,-0.281609,-0.149237,-0.457003,-0.177857,-0.475205,-0.458053,0.363836,-0.223904,-0.10476,0.299621,-0.206294,0.461661,-0.322825,0.163021,0.42898,0.381917,-0.028128,0.481529,-0.265048,0.0738222,-0.110734,0.281685,0.0744848,-0.367873,0.0840817,0.273013,-0.208619,0.0964783,-0.268507,-0.444979,0.243878,-0.0327137,0.0993828,-0.488744,0.202034,-0.414746,0.360482,-0.0298727,-0.67481,-0.168924,-0.312303,-0.0448595,0.246402,0.0311165,0.21413,0.141907,-0.58023,-0.0163845,-0.516138,-0.170296,-0.442837,-0.12459,-0.420624,0.20929,-0.252279,-0.378386,-0.558976,-0.623415,-0.225162,-0.0479573,-0.120867,-0.453494,0.235317,-0.292137,-0.623675,0.409894,0.125384,-0.108145,0.319969,-0.0458985,0.492432,0.46441,-0.440785,0.429214,0.29511,-0.0474162,-0.334244,-0.383121,-0.452349,-0.269405,-0.257786,-0.0167114,0.000724594,-0.393486,-0.269036,0.198274,-0.295705,-0.265202,-0.286889,-0.188545,0.11983,-0.0685474,0.179055,0.0964122,-0.312891,-0.424289,0.375745,-0.377222,0.252771,-0.0376248,0.416213,-0.436186,-0.0453468,0.331092,0.28234,-0.030914,
